Pokedex Number,Name,Type,Total,HP,Attack,Defense,Sp. Atk,Sp. Def,Speed
0001,Bulbasaur,Grass,318,45,49,49,65,65,45
0002,Ivysaur,Grass,405,60,62,63,80,80,60
0003,Venusaur,Grass,525,80,82,83,100,100,80
0003,Venusaur Mega Venusaur,Grass,625,80,100,123,122,120,80
0004,Charmander,Fire,309,39,52,43,60,50,65
0005,Charmeleon,Fire,405,58,64,58,80,65,80
0006,Charizard,Fire,534,78,84,78,109,85,100
0006,Charizard Mega Charizard X,Fire,634,78,130,111,130,85,100
0006,Charizard Mega Charizard Y,Fire,634,78,104,78,159,115,100
0007,Squirtle,Water,314,44,48,65,50,64,43
0008,Wartortle,Water,405,59,63,80,65,80,58
0009,Blastoise,Water,530,79,83,100,85,105,78
0009,Blastoise Mega Blastoise,Water,630,79,103,120,135,115,78
0010,Caterpie,Bug,195,45,30,35,20,20,45
0011,Metapod,Bug,205,50,20,55,25,25,30
0012,Butterfree,Bug,395,60,45,50,90,80,70
0013,Weedle,Bug,195,40,35,30,20,20,50
0014,Kakuna,Bug,205,45,25,50,25,25,35
0015,Beedrill,Bug,395,65,90,40,45,80,75
0015,Beedrill Mega Beedrill,Bug,495,65,150,40,15,80,145
0016,Pidgey,Normal,251,40,45,40,35,35,56
0017,Pidgeotto,Normal,349,63,60,55,50,50,71
0018,Pidgeot,Normal,479,83,80,75,70,70,101
0018,Pidgeot Mega Pidgeot,Normal,579,83,80,80,135,80,121
0019,Rattata,Normal,253,30,56,35,25,35,72
0019,Rattata Alolan Rattata,Dark,253,30,56,35,25,35,72
0020,Raticate,Normal,413,55,81,60,50,70,97
0020,Raticate Alolan Raticate,Dark,413,75,71,70,40,80,77
0021,Spearow,Normal,262,40,60,30,31,31,70
0022,Fearow,Normal,442,65,90,65,61,61,100
0023,Ekans,Poison,288,35,60,44,40,54,55
0024,Arbok,Poison,448,60,95,69,65,79,80
0025,Pikachu,Electric,320,35,55,40,50,50,90
0025,Pikachu Partner Pikachu,Electric,430,45,80,50,75,60,120
0026,Raichu,Electric,485,60,90,55,90,80,110
0026,Raichu Alolan Raichu,Electric,485,60,85,50,95,85,110
0027,Sandshrew,Ground,300,50,75,85,20,30,40
0027,Sandshrew Alolan Sandshrew,Ice,300,50,75,90,10,35,40
0028,Sandslash,Ground,450,75,100,110,45,55,65
0028,Sandslash Alolan Sandslash,Ice,450,75,100,120,25,65,65
0029,Nidoran♀,Poison,275,55,47,52,40,40,41
0030,Nidorina,Poison,365,70,62,67,55,55,56
0031,Nidoqueen,Poison,505,90,92,87,75,85,76
0032,Nidoran♂,Poison,273,46,57,40,40,40,50
0033,Nidorino,Poison,365,61,72,57,55,55,65
0034,Nidoking,Poison,505,81,102,77,85,75,85
0035,Clefairy,Fairy,323,70,45,48,60,65,35
0036,Clefable,Fairy,483,95,70,73,95,90,60
0037,Vulpix,Fire,299,38,41,40,50,65,65
0037,Vulpix Alolan Vulpix,Ice,299,38,41,40,50,65,65
0038,Ninetales,Fire,505,73,76,75,81,100,100
0038,Ninetales Alolan Ninetales,Ice,505,73,67,75,81,100,109
0039,Jigglypuff,Normal,270,115,45,20,45,25,20
0040,Wigglytuff,Normal,435,140,70,45,85,50,45
0041,Zubat,Poison,245,40,45,35,30,40,55
0042,Golbat,Poison,455,75,80,70,65,75,90
0043,Oddish,Grass,320,45,50,55,75,65,30
0044,Gloom,Grass,395,60,65,70,85,75,40
0045,Vileplume,Grass,490,75,80,85,110,90,50
0046,Paras,Bug,285,35,70,55,45,55,25
0047,Parasect,Bug,405,60,95,80,60,80,30
0048,Venonat,Bug,305,60,55,50,40,55,45
0049,Venomoth,Bug,450,70,65,60,90,75,90
0050,Diglett,Ground,265,10,55,25,35,45,95
0050,Diglett Alolan Diglett,Ground,265,10,55,30,35,45,90
0051,Dugtrio,Ground,425,35,100,50,50,70,120
0051,Dugtrio Alolan Dugtrio,Ground,425,35,100,60,50,70,110
0052,Meowth,Normal,290,40,45,35,40,40,90
0052,Meowth Alolan Meowth,Dark,290,40,35,35,50,40,90
0052,Meowth Galarian Meowth,Steel,290,50,65,55,40,40,40
0053,Persian,Normal,440,65,70,60,65,65,115
0053,Persian Alolan Persian,Dark,440,65,60,60,75,65,115
0054,Psyduck,Water,320,50,52,48,65,50,55
0055,Golduck,Water,500,80,82,78,95,80,85
0056,Mankey,Fighting,305,40,80,35,35,45,70
0057,Primeape,Fighting,455,65,105,60,60,70,95
0058,Growlithe,Fire,350,55,70,45,70,50,60
0058,Growlithe Hisuian Growlithe,Fire,350,60,75,45,65,50,55
0059,Arcanine,Fire,555,90,110,80,100,80,95
0059,Arcanine Hisuian Arcanine,Fire,555,95,115,80,95,80,90
0060,Poliwag,Water,300,40,50,40,40,40,90
0061,Poliwhirl,Water,385,65,65,65,50,50,90
0062,Poliwrath,Water,510,90,95,95,70,90,70
0063,Abra,Psychic,310,25,20,15,105,55,90
0064,Kadabra,Psychic,400,40,35,30,120,70,105
0065,Alakazam,Psychic,500,55,50,45,135,95,120
0065,Alakazam Mega Alakazam,Psychic,600,55,50,65,175,105,150
0066,Machop,Fighting,305,70,80,50,35,35,35
0067,Machoke,Fighting,405,80,100,70,50,60,45
0068,Machamp,Fighting,505,90,130,80,65,85,55
0069,Bellsprout,Grass,300,50,75,35,70,30,40
0070,Weepinbell,Grass,390,65,90,50,85,45,55
0071,Victreebel,Grass,490,80,105,65,100,70,70
0072,Tentacool,Water,335,40,40,35,50,100,70
0073,Tentacruel,Water,515,80,70,65,80,120,100
0074,Geodude,Rock,300,40,80,100,30,30,20
0074,Geodude Alolan Geodude,Rock,300,40,80,100,30,30,20
0075,Graveler,Rock,390,55,95,115,45,45,35
0075,Graveler Alolan Graveler,Rock,390,55,95,115,45,45,35
0076,Golem,Rock,495,80,120,130,55,65,45
0076,Golem Alolan Golem,Rock,495,80,120,130,55,65,45
0077,Ponyta,Fire,410,50,85,55,65,65,90
0077,Ponyta Galarian Ponyta,Psychic,410,50,85,55,65,65,90
0078,Rapidash,Fire,500,65,100,70,80,80,105
0078,Rapidash Galarian Rapidash,Psychic,500,65,100,70,80,80,105
0079,Slowpoke,Water,315,90,65,65,40,40,15
0079,Slowpoke Galarian Slowpoke,Psychic,315,90,65,65,40,40,15
0080,Slowbro,Water,490,95,75,110,100,80,30
0080,Slowbro Mega Slowbro,Water,590,95,75,180,130,80,30
0080,Slowbro Galarian Slowbro,Poison,490,95,100,95,100,70,30
0081,Magnemite,Electric,325,25,35,70,95,55,45
0082,Magneton,Electric,465,50,60,95,120,70,70
0083,Farfetch'd,Normal,377,52,90,55,58,62,60
0083,Farfetch'd Galarian Farfetch'd,Fighting,377,52,95,55,58,62,55
0084,Doduo,Normal,310,35,85,45,35,35,75
0085,Dodrio,Normal,470,60,110,70,60,60,110
0086,Seel,Water,325,65,45,55,45,70,45
0087,Dewgong,Water,475,90,70,80,70,95,70
0088,Grimer,Poison,325,80,80,50,40,50,25
0088,Grimer Alolan Grimer,Poison,325,80,80,50,40,50,25
0089,Muk,Poison,500,105,105,75,65,100,50
0089,Muk Alolan Muk,Poison,500,105,105,75,65,100,50
0090,Shellder,Water,305,30,65,100,45,25,40
0091,Cloyster,Water,525,50,95,180,85,45,70
0092,Gastly,Ghost,310,30,35,30,100,35,80
0093,Haunter,Ghost,405,45,50,45,115,55,95
0094,Gengar,Ghost,500,60,65,60,130,75,110
0094,Gengar Mega Gengar,Ghost,600,60,65,80,170,95,130
0095,Onix,Rock,385,35,45,160,30,45,70
0096,Drowzee,Psychic,328,60,48,45,43,90,42
0097,Hypno,Psychic,483,85,73,70,73,115,67
0098,Krabby,Water,325,30,105,90,25,25,50
0099,Kingler,Water,475,55,130,115,50,50,75
0100,Voltorb,Electric,330,40,30,50,55,55,100
0100,Voltorb Hisuian Voltorb,Electric,330,40,30,50,55,55,100
0101,Electrode,Electric,490,60,50,70,80,80,150
0101,Electrode Hisuian Electrode,Electric,490,60,50,70,80,80,150
0102,Exeggcute,Grass,325,60,40,80,60,45,40
0103,Exeggutor,Grass,530,95,95,85,125,75,55
0103,Exeggutor Alolan Exeggutor,Grass,530,95,105,85,125,75,45
0104,Cubone,Ground,320,50,50,95,40,50,35
0105,Marowak,Ground,425,60,80,110,50,80,45
0105,Marowak Alolan Marowak,Fire,425,60,80,110,50,80,45
0106,Hitmonlee,Fighting,455,50,120,53,35,110,87
0107,Hitmonchan,Fighting,455,50,105,79,35,110,76
0108,Lickitung,Normal,385,90,55,75,60,75,30
0109,Koffing,Poison,340,40,65,95,60,45,35
0110,Weezing,Poison,490,65,90,120,85,70,60
0110,Weezing Galarian Weezing,Poison,490,65,90,120,85,70,60
0111,Rhyhorn,Ground,345,80,85,95,30,30,25
0112,Rhydon,Ground,485,105,130,120,45,45,40
0113,Chansey,Normal,450,250,5,5,35,105,50
0114,Tangela,Grass,435,65,55,115,100,40,60
0115,Kangaskhan,Normal,490,105,95,80,40,80,90
0115,Kangaskhan Mega Kangaskhan,Normal,590,105,125,100,60,100,100
0116,Horsea,Water,295,30,40,70,70,25,60
0117,Seadra,Water,440,55,65,95,95,45,85
0118,Goldeen,Water,320,45,67,60,35,50,63
0119,Seaking,Water,450,80,92,65,65,80,68
0120,Staryu,Water,340,30,45,55,70,55,85
0121,Starmie,Water,520,60,75,85,100,85,115
0122,Mr. Mime,Psychic,460,40,45,65,100,120,90
0122,Mr. Mime Galarian Mr. Mime,Ice,460,50,65,65,90,90,100
0123,Scyther,Bug,500,70,110,80,55,80,105
0124,Jynx,Ice,455,65,50,35,115,95,95
0125,Electabuzz,Electric,490,65,83,57,95,85,105
0126,Magmar,Fire,495,65,95,57,100,85,93
0127,Pinsir,Bug,500,65,125,100,55,70,85
0127,Pinsir Mega Pinsir,Bug,600,65,155,120,65,90,105
0128,Tauros,Normal,490,75,100,95,40,70,110
0128,Tauros Combat Breed,Fighting,490,75,110,105,30,70,100
0128,Tauros Blaze Breed,Fighting,490,75,110,105,30,70,100
0128,Tauros Aqua Breed,Fighting,490,75,110,105,30,70,100
0129,Magikarp,Water,200,20,10,55,15,20,80
0130,Gyarados,Water,540,95,125,79,60,100,81
0130,Gyarados Mega Gyarados,Water,640,95,155,109,70,130,81
0131,Lapras,Water,535,130,85,80,85,95,60
0132,Ditto,Normal,288,48,48,48,48,48,48
0133,Eevee,Normal,325,55,55,50,45,65,55
0133,Eevee Partner Eevee,Normal,435,65,75,70,65,85,75
0134,Vaporeon,Water,525,130,65,60,110,95,65
0135,Jolteon,Electric,525,65,65,60,110,95,130
0136,Flareon,Fire,525,65,130,60,95,110,65
0137,Porygon,Normal,395,65,60,70,85,75,40
0138,Omanyte,Rock,355,35,40,100,90,55,35
0139,Omastar,Rock,495,70,60,125,115,70,55
0140,Kabuto,Rock,355,30,80,90,55,45,55
0141,Kabutops,Rock,495,60,115,105,65,70,80
0142,Aerodactyl,Rock,515,80,105,65,60,75,130
0142,Aerodactyl Mega Aerodactyl,Rock,615,80,135,85,70,95,150
0143,Snorlax,Normal,540,160,110,65,65,110,30
0144,Articuno,Ice,580,90,85,100,95,125,85
0144,Articuno Galarian Articuno,Psychic,580,90,85,85,125,100,95
0145,Zapdos,Electric,580,90,90,85,125,90,100
0145,Zapdos Galarian Zapdos,Fighting,580,90,125,90,85,90,100
0146,Moltres,Fire,580,90,100,90,125,85,90
0146,Moltres Galarian Moltres,Dark,580,90,85,90,100,125,90
0147,Dratini,Dragon,300,41,64,45,50,50,50
0148,Dragonair,Dragon,420,61,84,65,70,70,70
0149,Dragonite,Dragon,600,91,134,95,100,100,80
0150,Mewtwo,Psychic,680,106,110,90,154,90,130
0150,Mewtwo Mega Mewtwo X,Psychic,780,106,190,100,154,100,130
0150,Mewtwo Mega Mewtwo Y,Psychic,780,106,150,70,194,120,140
0151,Mew,Psychic,600,100,100,100,100,100,100
0152,Chikorita,Grass,318,45,49,65,49,65,45
0153,Bayleef,Grass,405,60,62,80,63,80,60
0154,Meganium,Grass,525,80,82,100,83,100,80
0155,Cyndaquil,Fire,309,39,52,43,60,50,65
0156,Quilava,Fire,405,58,64,58,80,65,80
0157,Typhlosion,Fire,534,78,84,78,109,85,100
0157,Typhlosion Hisuian Typhlosion,Fire,534,73,84,78,119,85,95
0158,Totodile,Water,314,50,65,64,44,48,43
0159,Croconaw,Water,405,65,80,80,59,63,58
0160,Feraligatr,Water,530,85,105,100,79,83,78
0161,Sentret,Normal,215,35,46,34,35,45,20
0162,Furret,Normal,415,85,76,64,45,55,90
0163,Hoothoot,Normal,262,60,30,30,36,56,50
0164,Noctowl,Normal,452,100,50,50,86,96,70
0165,Ledyba,Bug,265,40,20,30,40,80,55
0166,Ledian,Bug,390,55,35,50,55,110,85
0167,Spinarak,Bug,250,40,60,40,40,40,30
0168,Ariados,Bug,400,70,90,70,60,70,40
0169,Crobat,Poison,535,85,90,80,70,80,130
0170,Chinchou,Water,330,75,38,38,56,56,67
0171,Lanturn,Water,460,125,58,58,76,76,67
0172,Pichu,Electric,205,20,40,15,35,35,60
0173,Cleffa,Fairy,218,50,25,28,45,55,15
0174,Igglybuff,Normal,210,90,30,15,40,20,15
0175,Togepi,Fairy,245,35,20,65,40,65,20
0176,Togetic,Fairy,405,55,40,85,80,105,40
0177,Natu,Psychic,320,40,50,45,70,45,70
0178,Xatu,Psychic,470,65,75,70,95,70,95
0179,Mareep,Electric,280,55,40,40,65,45,35
0180,Flaaffy,Electric,365,70,55,55,80,60,45
0181,Ampharos,Electric,510,90,75,85,115,90,55
0181,Ampharos Mega Ampharos,Electric,610,90,95,105,165,110,45
0182,Bellossom,Grass,490,75,80,95,90,100,50
0183,Marill,Water,250,70,20,50,20,50,40
0184,Azumarill,Water,420,100,50,80,60,80,50
0185,Sudowoodo,Rock,410,70,100,115,30,65,30
0186,Politoed,Water,500,90,75,75,90,100,70
0187,Hoppip,Grass,250,35,35,40,35,55,50
0188,Skiploom,Grass,340,55,45,50,45,65,80
0189,Jumpluff,Grass,460,75,55,70,55,95,110
0190,Aipom,Normal,360,55,70,55,40,55,85
0191,Sunkern,Grass,180,30,30,30,30,30,30
0192,Sunflora,Grass,425,75,75,55,105,85,30
0193,Yanma,Bug,390,65,65,45,75,45,95
0194,Wooper,Water,210,55,45,45,25,25,15
0194,Wooper Paldean Wooper,Poison,210,55,45,45,25,25,15
0195,Quagsire,Water,430,95,85,85,65,65,35
0196,Espeon,Psychic,525,65,65,60,130,95,110
0197,Umbreon,Dark,525,95,65,110,60,130,65
0198,Murkrow,Dark,405,60,85,42,85,42,91
0199,Slowking,Water,490,95,75,80,100,110,30
0199,Slowking Galarian Slowking,Poison,490,95,65,80,110,110,30
0200,Misdreavus,Ghost,435,60,60,60,85,85,85
0201,Unown,Psychic,336,48,72,48,72,48,48
0202,Wobbuffet,Psychic,405,190,33,58,33,58,33
0203,Girafarig,Normal,455,70,80,65,90,65,85
0204,Pineco,Bug,290,50,65,90,35,35,15
0205,Forretress,Bug,465,75,90,140,60,60,40
0206,Dunsparce,Normal,415,100,70,70,65,65,45
0207,Gligar,Ground,430,65,75,105,35,65,85
0208,Steelix,Steel,510,75,85,200,55,65,30
0208,Steelix Mega Steelix,Steel,610,75,125,230,55,95,30
0209,Snubbull,Fairy,300,60,80,50,40,40,30
0210,Granbull,Fairy,450,90,120,75,60,60,45
0211,Qwilfish,Water,440,65,95,85,55,55,85
0211,Qwilfish Hisuian Qwilfish,Dark,440,65,95,85,55,55,85
0212,Scizor,Bug,500,70,130,100,55,80,65
0212,Scizor Mega Scizor,Bug,600,70,150,140,65,100,75
0213,Shuckle,Bug,505,20,10,230,10,230,5
0214,Heracross,Bug,500,80,125,75,40,95,85
0214,Heracross Mega Heracross,Bug,600,80,185,115,40,105,75
0215,Sneasel,Dark,430,55,95,55,35,75,115
0215,Sneasel Hisuian Sneasel,Fighting,430,55,95,55,35,75,115
0216,Teddiursa,Normal,330,60,80,50,50,50,40
0217,Ursaring,Normal,500,90,130,75,75,75,55
0218,Slugma,Fire,250,40,40,40,70,40,20
0219,Magcargo,Fire,430,60,50,120,90,80,30
0220,Swinub,Ice,250,50,50,40,30,30,50
0221,Piloswine,Ice,450,100,100,80,60,60,50
0222,Corsola,Water,410,65,55,95,65,95,35
0222,Corsola Galarian Corsola,Ghost,410,60,55,100,65,100,30
0223,Remoraid,Water,300,35,65,35,65,35,65
0224,Octillery,Water,480,75,105,75,105,75,45
0225,Delibird,Ice,330,45,55,45,65,45,75
0226,Mantine,Water,485,85,40,70,80,140,70
0227,Skarmory,Steel,465,65,80,140,40,70,70
0228,Houndour,Dark,330,45,60,30,80,50,65
0229,Houndoom,Dark,500,75,90,50,110,80,95
0229,Houndoom Mega Houndoom,Dark,600,75,90,90,140,90,115
0230,Kingdra,Water,540,75,95,95,95,95,85
0231,Phanpy,Ground,330,90,60,60,40,40,40
0232,Donphan,Ground,500,90,120,120,60,60,50
0233,Porygon2,Normal,515,85,80,90,105,95,60
0234,Stantler,Normal,465,73,95,62,85,65,85
0235,Smeargle,Normal,250,55,20,35,20,45,75
0236,Tyrogue,Fighting,210,35,35,35,35,35,35
0237,Hitmontop,Fighting,455,50,95,95,35,110,70
0238,Smoochum,Ice,305,45,30,15,85,65,65
0239,Elekid,Electric,360,45,63,37,65,55,95
0240,Magby,Fire,365,45,75,37,70,55,83
0241,Miltank,Normal,490,95,80,105,40,70,100
0242,Blissey,Normal,540,255,10,10,75,135,55
0243,Raikou,Electric,580,90,85,75,115,100,115
0244,Entei,Fire,580,115,115,85,90,75,100
0245,Suicune,Water,580,100,75,115,90,115,85
0246,Larvitar,Rock,300,50,64,50,45,50,41
0247,Pupitar,Rock,410,70,84,70,65,70,51
0248,Tyranitar,Rock,600,100,134,110,95,100,61
0248,Tyranitar Mega Tyranitar,Rock,700,100,164,150,95,120,71
0249,Lugia,Psychic,680,106,90,130,90,154,110
0250,Ho-oh,Fire,680,106,130,90,110,154,90
0251,Celebi,Psychic,600,100,100,100,100,100,100
0252,Treecko,Grass,310,40,45,35,65,55,70
0253,Grovyle,Grass,405,50,65,45,85,65,95
0254,Sceptile,Grass,530,70,85,65,105,85,120
0254,Sceptile Mega Sceptile,Grass,630,70,110,75,145,85,145
0255,Torchic,Fire,310,45,60,40,70,50,45
0256,Combusken,Fire,405,60,85,60,85,60,55
0257,Blaziken,Fire,530,80,120,70,110,70,80
0257,Blaziken Mega Blaziken,Fire,630,80,160,80,130,80,100
0258,Mudkip,Water,310,50,70,50,50,50,40
0259,Marshtomp,Water,405,70,85,70,60,70,50
0260,Swampert,Water,535,100,110,90,85,90,60
0260,Swampert Mega Swampert,Water,635,100,150,110,95,110,70
0261,Poochyena,Dark,220,35,55,35,30,30,35
0262,Mightyena,Dark,420,70,90,70,60,60,70
0263,Zigzagoon,Normal,240,38,30,41,30,41,60
0263,Zigzagoon Galarian Zigzagoon,Dark,240,38,30,41,30,41,60
0264,Linoone,Normal,420,78,70,61,50,61,100
0264,Linoone Galarian Linoone,Dark,420,78,70,61,50,61,100
0265,Wurmple,Bug,195,45,45,35,20,30,20
0266,Silcoon,Bug,205,50,35,55,25,25,15
0267,Beautifly,Bug,395,60,70,50,100,50,65
0268,Cascoon,Bug,205,50,35,55,25,25,15
0269,Dustox,Bug,385,60,50,70,50,90,65
0270,Lotad,Water,220,40,30,30,40,50,30
0271,Lombre,Water,340,60,50,50,60,70,50
0272,Ludicolo,Water,480,80,70,70,90,100,70
0273,Seedot,Grass,220,40,40,50,30,30,30
0274,Nuzleaf,Grass,340,70,70,40,60,40,60
0275,Shiftry,Grass,480,90,100,60,90,60,80
0276,Taillow,Normal,270,40,55,30,30,30,85
0277,Swellow,Normal,455,60,85,60,75,50,125
0278,Wingull,Water,270,40,30,30,55,30,85
0279,Pelipper,Water,440,60,50,100,95,70,65
0280,Ralts,Psychic,198,28,25,25,45,35,40
0281,Kirlia,Psychic,278,38,35,35,65,55,50
0282,Gardevoir,Psychic,518,68,65,65,125,115,80
0282,Gardevoir Mega Gardevoir,Psychic,618,68,85,65,165,135,100
0283,Surskit,Bug,269,40,30,32,50,52,65
0284,Masquerain,Bug,454,70,60,62,100,82,80
0285,Shroomish,Grass,295,60,40,60,40,60,35
0286,Breloom,Grass,460,60,130,80,60,60,70
0287,Slakoth,Normal,280,60,60,60,35,35,30
0288,Vigoroth,Normal,440,80,80,80,55,55,90
0289,Slaking,Normal,670,150,160,100,95,65,100
0290,Nincada,Bug,266,31,45,90,30,30,40
0291,Ninjask,Bug,456,61,90,45,50,50,160
0292,Shedinja,Bug,236,1,90,45,30,30,40
0293,Whismur,Normal,240,64,51,23,51,23,28
0294,Loudred,Normal,360,84,71,43,71,43,48
0295,Exploud,Normal,490,104,91,63,91,73,68
0296,Makuhita,Fighting,237,72,60,30,20,30,25
0297,Hariyama,Fighting,474,144,120,60,40,60,50
0298,Azurill,Normal,190,50,20,40,20,40,20
0299,Nosepass,Rock,375,30,45,135,45,90,30
0300,Skitty,Normal,260,50,45,45,35,35,50
0301,Delcatty,Normal,400,70,65,65,55,55,90
0302,Sableye,Dark,380,50,75,75,65,65,50
0302,Sableye Mega Sableye,Dark,480,50,85,125,85,115,20
0303,Mawile,Steel,380,50,85,85,55,55,50
0303,Mawile Mega Mawile,Steel,480,50,105,125,55,95,50
0304,Aron,Steel,330,50,70,100,40,40,30
0305,Lairon,Steel,430,60,90,140,50,50,40
0306,Aggron,Steel,530,70,110,180,60,60,50
0306,Aggron Mega Aggron,Steel,630,70,140,230,60,80,50
0307,Meditite,Fighting,280,30,40,55,40,55,60
0308,Medicham,Fighting,410,60,60,75,60,75,80
0308,Medicham Mega Medicham,Fighting,510,60,100,85,80,85,100
0309,Electrike,Electric,295,40,45,40,65,40,65
0310,Manectric,Electric,475,70,75,60,105,60,105
0310,Manectric Mega Manectric,Electric,575,70,75,80,135,80,135
0311,Plusle,Electric,405,60,50,40,85,75,95
0312,Minun,Electric,405,60,40,50,75,85,95
0313,Volbeat,Bug,430,65,73,75,47,85,85
0314,Illumise,Bug,430,65,47,75,73,85,85
0315,Roselia,Grass,400,50,60,45,100,80,65
0316,Gulpin,Poison,302,70,43,53,43,53,40
0317,Swalot,Poison,467,100,73,83,73,83,55
0318,Carvanha,Water,305,45,90,20,65,20,65
0319,Sharpedo,Water,460,70,120,40,95,40,95
0319,Sharpedo Mega Sharpedo,Water,560,70,140,70,110,65,105
0320,Wailmer,Water,400,130,70,35,70,35,60
0321,Wailord,Water,500,170,90,45,90,45,60
0322,Numel,Fire,305,60,60,40,65,45,35
0323,Camerupt,Fire,460,70,100,70,105,75,40
0323,Camerupt Mega Camerupt,Fire,560,70,120,100,145,105,20
0324,Torkoal,Fire,470,70,85,140,85,70,20
0325,Spoink,Psychic,330,60,25,35,70,80,60
0326,Grumpig,Psychic,470,80,45,65,90,110,80
0327,Spinda,Normal,360,60,60,60,60,60,60
0328,Trapinch,Ground,290,45,100,45,45,45,10
0329,Vibrava,Ground,340,50,70,50,50,50,70
0330,Flygon,Ground,520,80,100,80,80,80,100
0331,Cacnea,Grass,335,50,85,40,85,40,35
0332,Cacturne,Grass,475,70,115,60,115,60,55
0333,Swablu,Normal,310,45,40,60,40,75,50
0334,Altaria,Dragon,490,75,70,90,70,105,80
0334,Altaria Mega Altaria,Dragon,590,75,110,110,110,105,80
0335,Zangoose,Normal,458,73,115,60,60,60,90
0336,Seviper,Poison,458,73,100,60,100,60,65
0337,Lunatone,Rock,460,90,55,65,95,85,70
0338,Solrock,Rock,460,90,95,85,55,65,70
0339,Barboach,Water,288,50,48,43,46,41,60
0340,Whiscash,Water,468,110,78,73,76,71,60
0341,Corphish,Water,308,43,80,65,50,35,35
0342,Crawdaunt,Water,468,63,120,85,90,55,55
0343,Baltoy,Ground,300,40,40,55,40,70,55
0344,Claydol,Ground,500,60,70,105,70,120,75
0345,Lileep,Rock,355,66,41,77,61,87,23
0346,Cradily,Rock,495,86,81,97,81,107,43
0347,Anorith,Rock,355,45,95,50,40,50,75
0348,Armaldo,Rock,495,75,125,100,70,80,45
0349,Feebas,Water,200,20,15,20,10,55,80
0350,Milotic,Water,540,95,60,79,100,125,81
0351,Castform,Normal,420,70,70,70,70,70,70
0351,Castform Sunny Form,Fire,420,70,70,70,70,70,70
0351,Castform Rainy Form,Water,420,70,70,70,70,70,70
0351,Castform Snowy Form,Ice,420,70,70,70,70,70,70
0352,Kecleon,Normal,440,60,90,70,60,120,40
0353,Shuppet,Ghost,295,44,75,35,63,33,45
0354,Banette,Ghost,455,64,115,65,83,63,65
0354,Banette Mega Banette,Ghost,555,64,165,75,93,83,75
0355,Duskull,Ghost,295,20,40,90,30,90,25
0356,Dusclops,Ghost,455,40,70,130,60,130,25
0357,Tropius,Grass,460,99,68,83,72,87,51
0358,Chimecho,Psychic,455,75,50,80,95,90,65
0359,Absol,Dark,465,65,130,60,75,60,75
0359,Absol Mega Absol,Dark,565,65,150,60,115,60,115
0360,Wynaut,Psychic,260,95,23,48,23,48,23
0361,Snorunt,Ice,300,50,50,50,50,50,50
0362,Glalie,Ice,480,80,80,80,80,80,80
0362,Glalie Mega Glalie,Ice,580,80,120,80,120,80,100
0363,Spheal,Ice,290,70,40,50,55,50,25
0364,Sealeo,Ice,410,90,60,70,75,70,45
0365,Walrein,Ice,530,110,80,90,95,90,65
0366,Clamperl,Water,345,35,64,85,74,55,32
0367,Huntail,Water,485,55,104,105,94,75,52
0368,Gorebyss,Water,485,55,84,105,114,75,52
0369,Relicanth,Water,485,100,90,130,45,65,55
0370,Luvdisc,Water,330,43,30,55,40,65,97
0371,Bagon,Dragon,300,45,75,60,40,30,50
0372,Shelgon,Dragon,420,65,95,100,60,50,50
0373,Salamence,Dragon,600,95,135,80,110,80,100
0373,Salamence Mega Salamence,Dragon,700,95,145,130,120,90,120
0374,Beldum,Steel,300,40,55,80,35,60,30
0375,Metang,Steel,420,60,75,100,55,80,50
0376,Metagross,Steel,600,80,135,130,95,90,70
0376,Metagross Mega Metagross,Steel,700,80,145,150,105,110,110
0377,Regirock,Rock,580,80,100,200,50,100,50
0378,Regice,Ice,580,80,50,100,100,200,50
0379,Registeel,Steel,580,80,75,150,75,150,50
0380,Latias,Dragon,600,80,80,90,110,130,110
0380,Latias Mega Latias,Dragon,700,80,100,120,140,150,110
0381,Latios,Dragon,600,80,90,80,130,110,110
0381,Latios Mega Latios,Dragon,700,80,130,100,160,120,110
0382,Kyogre,Water,670,100,100,90,150,140,90
0382,Kyogre Primal Kyogre,Water,770,100,150,90,180,160,90
0383,Groudon,Ground,670,100,150,140,100,90,90
0383,Groudon Primal Groudon,Ground,770,100,180,160,150,90,90
0384,Rayquaza,Dragon,680,105,150,90,150,90,95
0384,Rayquaza Mega Rayquaza,Dragon,780,105,180,100,180,100,115
0385,Jirachi,Steel,600,100,100,100,100,100,100
0386,Deoxys Normal Forme,Psychic,600,50,150,50,150,50,150
0386,Deoxys Attack Forme,Psychic,600,50,180,20,180,20,150
0386,Deoxys Defense Forme,Psychic,600,50,70,160,70,160,90
0386,Deoxys Speed Forme,Psychic,600,50,95,90,95,90,180
0387,Turtwig,Grass,318,55,68,64,45,55,31
0388,Grotle,Grass,405,75,89,85,55,65,36
0389,Torterra,Grass,525,95,109,105,75,85,56
0390,Chimchar,Fire,309,44,58,44,58,44,61
0391,Monferno,Fire,405,64,78,52,78,52,81
0392,Infernape,Fire,534,76,104,71,104,71,108
0393,Piplup,Water,314,53,51,53,61,56,40
0394,Prinplup,Water,405,64,66,68,81,76,50
0395,Empoleon,Water,530,84,86,88,111,101,60
0396,Starly,Normal,245,40,55,30,30,30,60
0397,Staravia,Normal,340,55,75,50,40,40,80
0398,Staraptor,Normal,485,85,120,70,50,60,100
0399,Bidoof,Normal,250,59,45,40,35,40,31
0400,Bibarel,Normal,410,79,85,60,55,60,71
0401,Kricketot,Bug,194,37,25,41,25,41,25
0402,Kricketune,Bug,384,77,85,51,55,51,65
0403,Shinx,Electric,263,45,65,34,40,34,45
0404,Luxio,Electric,363,60,85,49,60,49,60
0405,Luxray,Electric,523,80,120,79,95,79,70
0406,Budew,Grass,280,40,30,35,50,70,55
0407,Roserade,Grass,515,60,70,65,125,105,90
0408,Cranidos,Rock,350,67,125,40,30,30,58
0409,Rampardos,Rock,495,97,165,60,65,50,58
0410,Shieldon,Rock,350,30,42,118,42,88,30
0411,Bastiodon,Rock,495,60,52,168,47,138,30
0412,Burmy Plant Cloak,Bug,224,40,29,45,29,45,36
0412,Burmy Sandy Cloak,Bug,224,40,29,45,29,45,36
0412,Burmy Trash Cloak,Bug,224,40,29,45,29,45,36
0413,Wormadam Plant Cloak,Bug,424,60,59,85,79,105,36
0413,Wormadam Sandy Cloak,Bug,424,60,79,105,59,85,36
0413,Wormadam Trash Cloak,Bug,424,60,69,95,69,95,36
0414,Mothim,Bug,424,70,94,50,94,50,66
0415,Combee,Bug,244,30,30,42,30,42,70
0416,Vespiquen,Bug,474,70,80,102,80,102,40
0417,Pachirisu,Electric,405,60,45,70,45,90,95
0418,Buizel,Water,330,55,65,35,60,30,85
0419,Floatzel,Water,495,85,105,55,85,50,115
0420,Cherubi,Grass,275,45,35,45,62,53,35
0421,Cherrim,Grass,450,70,60,70,87,78,85
0422,Shellos,Water,325,76,48,48,57,62,34
0423,Gastrodon,Water,475,111,83,68,92,82,39
0424,Ambipom,Normal,482,75,100,66,60,66,115
0425,Drifloon,Ghost,348,90,50,34,60,44,70
0426,Drifblim,Ghost,498,150,80,44,90,54,80
0427,Buneary,Normal,350,55,66,44,44,56,85
0428,Lopunny,Normal,480,65,76,84,54,96,105
0428,Lopunny Mega Lopunny,Normal,580,65,136,94,54,96,135
0429,Mismagius,Ghost,495,60,60,60,105,105,105
0430,Honchkrow,Dark,505,100,125,52,105,52,71
0431,Glameow,Normal,310,49,55,42,42,37,85
0432,Purugly,Normal,452,71,82,64,64,59,112
0433,Chingling,Psychic,285,45,30,50,65,50,45
0434,Stunky,Poison,329,63,63,47,41,41,74
0435,Skuntank,Poison,479,103,93,67,71,61,84
0436,Bronzor,Steel,300,57,24,86,24,86,23
0437,Bronzong,Steel,500,67,89,116,79,116,33
0438,Bonsly,Rock,290,50,80,95,10,45,10
0439,Mime Jr.,Psychic,310,20,25,45,70,90,60
0440,Happiny,Normal,220,100,5,5,15,65,30
0441,Chatot,Normal,411,76,65,45,92,42,91
0442,Spiritomb,Ghost,485,50,92,108,92,108,35
0443,Gible,Dragon,300,58,70,45,40,45,42
0444,Gabite,Dragon,410,68,90,65,50,55,82
0445,Garchomp,Dragon,600,108,130,95,80,85,102
0445,Garchomp Mega Garchomp,Dragon,700,108,170,115,120,95,92
0446,Munchlax,Normal,390,135,85,40,40,85,5
0447,Riolu,Fighting,285,40,70,40,35,40,60
0448,Lucario,Fighting,525,70,110,70,115,70,90
0448,Lucario Mega Lucario,Fighting,625,70,145,88,140,70,112
0449,Hippopotas,Ground,330,68,72,78,38,42,32
0450,Hippowdon,Ground,525,108,112,118,68,72,47
0451,Skorupi,Poison,330,40,50,90,30,55,65
0452,Drapion,Poison,500,70,90,110,60,75,95
0453,Croagunk,Poison,300,48,61,40,61,40,50
0454,Toxicroak,Poison,490,83,106,65,86,65,85
0455,Carnivine,Grass,454,74,100,72,90,72,46
0456,Finneon,Water,330,49,49,56,49,61,66
0457,Lumineon,Water,460,69,69,76,69,86,91
0458,Mantyke,Water,345,45,20,50,60,120,50
0459,Snover,Grass,334,60,62,50,62,60,40
0460,Abomasnow,Grass,494,90,92,75,92,85,60
0460,Abomasnow Mega Abomasnow,Grass,594,90,132,105,132,105,30
0461,Weavile,Dark,510,70,120,65,45,85,125
0462,Magnezone,Electric,535,70,70,115,130,90,60
0463,Lickilicky,Normal,515,110,85,95,80,95,50
0464,Rhyperior,Ground,535,115,140,130,55,55,40
0465,Tangrowth,Grass,535,100,100,125,110,50,50
0466,Electivire,Electric,540,75,123,67,95,85,95
0467,Magmortar,Fire,540,75,95,67,125,95,83
0468,Togekiss,Fairy,545,85,50,95,120,115,80
0469,Yanmega,Bug,515,86,76,86,116,56,95
0470,Leafeon,Grass,525,65,110,130,60,65,95
0471,Glaceon,Ice,525,65,60,110,130,95,65
0472,Gliscor,Ground,510,75,95,125,45,75,95
0473,Mamoswine,Ice,530,110,130,80,70,60,80
0474,Porygon-Z,Normal,535,85,80,70,135,75,90
0475,Gallade,Psychic,518,68,125,65,65,115,80
0475,Gallade Mega Gallade,Psychic,618,68,165,95,65,115,110
0476,Probopass,Rock,525,60,55,145,75,150,40
0477,Dusknoir,Ghost,525,45,100,135,65,135,45
0478,Froslass,Ice,480,70,80,70,80,70,110
0479,Rotom,Electric,440,50,50,77,95,77,91
0479,Rotom Heat Rotom,Electric,520,50,65,107,105,107,86
0479,Rotom Wash Rotom,Electric,520,50,65,107,105,107,86
0479,Rotom Frost Rotom,Electric,520,50,65,107,105,107,86
0479,Rotom Fan Rotom,Electric,520,50,65,107,105,107,86
0479,Rotom Mow Rotom,Electric,520,50,65,107,105,107,86
0480,Uxie,Psychic,580,75,75,130,75,130,95
0481,Mesprit,Psychic,580,80,105,105,105,105,80
0482,Azelf,Psychic,580,75,125,70,125,70,115
0483,Dialga,Steel,680,100,120,120,150,100,90
0483,Dialga Origin Forme,Steel,680,100,100,120,150,120,90
0484,Palkia,Water,680,90,120,100,150,120,100
0484,Palkia Origin Forme,Water,680,90,100,100,150,120,120
0485,Heatran,Fire,600,91,90,106,130,106,77
0486,Regigigas,Normal,670,110,160,110,80,110,100
0487,Giratina Altered Forme,Ghost,680,150,100,120,100,120,90
0487,Giratina Origin Forme,Ghost,680,150,120,100,120,100,90
0488,Cresselia,Psychic,580,120,70,110,75,120,85
0489,Phione,Water,480,80,80,80,80,80,80
0490,Manaphy,Water,600,100,100,100,100,100,100
0491,Darkrai,Dark,600,70,90,90,135,90,125
0492,Shaymin Land Forme,Grass,600,100,100,100,100,100,100
0492,Shaymin Sky Forme,Grass,600,100,103,75,120,75,127
0493,Arceus,Normal,720,120,120,120,120,120,120
0494,Victini,Psychic,600,100,100,100,100,100,100
0495,Snivy,Grass,308,45,45,55,45,55,63
0496,Servine,Grass,413,60,60,75,60,75,83
0497,Serperior,Grass,528,75,75,95,75,95,113
0498,Tepig,Fire,308,65,63,45,45,45,45
0499,Pignite,Fire,418,90,93,55,70,55,55
0500,Emboar,Fire,528,110,123,65,100,65,65
0501,Oshawott,Water,308,55,55,45,63,45,45
0502,Dewott,Water,413,75,75,60,83,60,60
0503,Samurott,Water,528,95,100,85,108,70,70
0503,Samurott Hisuian Samurott,Water,528,90,108,80,100,65,85
0504,Patrat,Normal,255,45,55,39,35,39,42
0505,Watchog,Normal,420,60,85,69,60,69,77
0506,Lillipup,Normal,275,45,60,45,25,45,55
0507,Herdier,Normal,370,65,80,65,35,65,60
0508,Stoutland,Normal,500,85,110,90,45,90,80
0509,Purrloin,Dark,281,41,50,37,50,37,66
0510,Liepard,Dark,446,64,88,50,88,50,106
0511,Pansage,Grass,316,50,53,48,53,48,64
0512,Simisage,Grass,498,75,98,63,98,63,101
0513,Pansear,Fire,316,50,53,48,53,48,64
0514,Simisear,Fire,498,75,98,63,98,63,101
0515,Panpour,Water,316,50,53,48,53,48,64
0516,Simipour,Water,498,75,98,63,98,63,101
0517,Munna,Psychic,292,76,25,45,67,55,24
0518,Musharna,Psychic,487,116,55,85,107,95,29
0519,Pidove,Normal,264,50,55,50,36,30,43
0520,Tranquill,Normal,358,62,77,62,50,42,65
0521,Unfezant,Normal,488,80,115,80,65,55,93
0522,Blitzle,Electric,295,45,60,32,50,32,76
0523,Zebstrika,Electric,497,75,100,63,80,63,116
0524,Roggenrola,Rock,280,55,75,85,25,25,15
0525,Boldore,Rock,390,70,105,105,50,40,20
0526,Gigalith,Rock,515,85,135,130,60,80,25
0527,Woobat,Psychic,323,65,45,43,55,43,72
0528,Swoobat,Psychic,425,67,57,55,77,55,114
0529,Drilbur,Ground,328,60,85,40,30,45,68
0530,Excadrill,Ground,508,110,135,60,50,65,88
0531,Audino,Normal,445,103,60,86,60,86,50
0531,Audino Mega Audino,Normal,545,103,60,126,80,126,50
0532,Timburr,Fighting,305,75,80,55,25,35,35
0533,Gurdurr,Fighting,405,85,105,85,40,50,40
0534,Conkeldurr,Fighting,505,105,140,95,55,65,45
0535,Tympole,Water,294,50,50,40,50,40,64
0536,Palpitoad,Water,384,75,65,55,65,55,69
0537,Seismitoad,Water,509,105,95,75,85,75,74
0538,Throh,Fighting,465,120,100,85,30,85,45
0539,Sawk,Fighting,465,75,125,75,30,75,85
0540,Sewaddle,Bug,310,45,53,70,40,60,42
0541,Swadloon,Bug,380,55,63,90,50,80,42
0542,Leavanny,Bug,500,75,103,80,70,80,92
0543,Venipede,Bug,260,30,45,59,30,39,57
0544,Whirlipede,Bug,360,40,55,99,40,79,47
0545,Scolipede,Bug,485,60,100,89,55,69,112
0546,Cottonee,Grass,280,40,27,60,37,50,66
0547,Whimsicott,Grass,480,60,67,85,77,75,116
0548,Petilil,Grass,280,45,35,50,70,50,30
0549,Lilligant,Grass,480,70,60,75,110,75,90
0549,Lilligant Hisuian Lilligant,Grass,480,70,105,75,50,75,105
0550,Basculin Red-Striped Form,Water,460,70,92,65,80,55,98
0550,Basculin Blue-Striped Form,Water,460,70,92,65,80,55,98
0550,Basculin White-Striped Form,Water,460,70,92,65,80,55,98
0551,Sandile,Ground,292,50,72,35,35,35,65
0552,Krokorok,Ground,351,60,82,45,45,45,74
0553,Krookodile,Ground,519,95,117,80,65,70,92
0554,Darumaka,Fire,315,70,90,45,15,45,50
0554,Darumaka Galarian Darumaka,Ice,315,70,90,45,15,45,50
0555,Darmanitan Standard Mode,Fire,480,105,140,55,30,55,95
0555,Darmanitan Zen Mode,Fire,540,105,30,105,140,105,55
0555,Darmanitan Galarian Standard Mode,Ice,480,105,140,55,30,55,95
0555,Darmanitan Galarian Zen Mode,Ice,540,105,160,55,30,55,135
0556,Maractus,Grass,461,75,86,67,106,67,60
0557,Dwebble,Bug,325,50,65,85,35,35,55
0558,Crustle,Bug,485,70,105,125,65,75,45
0559,Scraggy,Dark,348,50,75,70,35,70,48
0560,Scrafty,Dark,488,65,90,115,45,115,58
0561,Sigilyph,Psychic,490,72,58,80,103,80,97
0562,Yamask,Ghost,303,38,30,85,55,65,30
0562,Yamask Galarian Yamask,Ground,303,38,55,85,30,65,30
0563,Cofagrigus,Ghost,483,58,50,145,95,105,30
0564,Tirtouga,Water,355,54,78,103,53,45,22
0565,Carracosta,Water,495,74,108,133,83,65,32
0566,Archen,Rock,401,55,112,45,74,45,70
0567,Archeops,Rock,567,75,140,65,112,65,110
0568,Trubbish,Poison,329,50,50,62,40,62,65
0569,Garbodor,Poison,474,80,95,82,60,82,75
0570,Zorua,Dark,330,40,65,40,80,40,65
0570,Zorua Hisuian Zorua,Normal,330,35,60,40,85,40,70
0571,Zoroark,Dark,510,60,105,60,120,60,105
0571,Zoroark Hisuian Zoroark,Normal,510,55,100,60,125,60,110
0572,Minccino,Normal,300,55,50,40,40,40,75
0573,Cinccino,Normal,470,75,95,60,65,60,115
0574,Gothita,Psychic,290,45,30,50,55,65,45
0575,Gothorita,Psychic,390,60,45,70,75,85,55
0576,Gothitelle,Psychic,490,70,55,95,95,110,65
0577,Solosis,Psychic,290,45,30,40,105,50,20
0578,Duosion,Psychic,370,65,40,50,125,60,30
0579,Reuniclus,Psychic,490,110,65,75,125,85,30
0580,Ducklett,Water,305,62,44,50,44,50,55
0581,Swanna,Water,473,75,87,63,87,63,98
0582,Vanillite,Ice,305,36,50,50,65,60,44
0583,Vanillish,Ice,395,51,65,65,80,75,59
0584,Vanilluxe,Ice,535,71,95,85,110,95,79
0585,Deerling,Normal,335,60,60,50,40,50,75
0586,Sawsbuck,Normal,475,80,100,70,60,70,95
0587,Emolga,Electric,428,55,75,60,75,60,103
0588,Karrablast,Bug,315,50,75,45,40,45,60
0589,Escavalier,Bug,495,70,135,105,60,105,20
0590,Foongus,Grass,294,69,55,45,55,55,15
0591,Amoonguss,Grass,464,114,85,70,85,80,30
0592,Frillish,Water,335,55,40,50,65,85,40
0593,Jellicent,Water,480,100,60,70,85,105,60
0594,Alomomola,Water,470,165,75,80,40,45,65
0595,Joltik,Bug,319,50,47,50,57,50,65
0596,Galvantula,Bug,472,70,77,60,97,60,108
0597,Ferroseed,Grass,305,44,50,91,24,86,10
0598,Ferrothorn,Grass,489,74,94,131,54,116,20
0599,Klink,Steel,300,40,55,70,45,60,30
0600,Klang,Steel,440,60,80,95,70,85,50
0601,Klinklang,Steel,520,60,100,115,70,85,90
0602,Tynamo,Electric,275,35,55,40,45,40,60
0603,Eelektrik,Electric,405,65,85,70,75,70,40
0604,Eelektross,Electric,515,85,115,80,105,80,50
0605,Elgyem,Psychic,335,55,55,55,85,55,30
0606,Beheeyem,Psychic,485,75,75,75,125,95,40
0607,Litwick,Ghost,275,50,30,55,65,55,20
0608,Lampent,Ghost,370,60,40,60,95,60,55
0609,Chandelure,Ghost,520,60,55,90,145,90,80
0610,Axew,Dragon,320,46,87,60,30,40,57
0611,Fraxure,Dragon,410,66,117,70,40,50,67
0612,Haxorus,Dragon,540,76,147,90,60,70,97
0613,Cubchoo,Ice,305,55,70,40,60,40,40
0614,Beartic,Ice,505,95,130,80,70,80,50
0615,Cryogonal,Ice,515,80,50,50,95,135,105
0616,Shelmet,Bug,305,50,40,85,40,65,25
0617,Accelgor,Bug,495,80,70,40,100,60,145
0618,Stunfisk,Ground,471,109,66,84,81,99,32
0618,Stunfisk Galarian Stunfisk,Ground,471,109,81,99,66,84,32
0619,Mienfoo,Fighting,350,45,85,50,55,50,65
0620,Mienshao,Fighting,510,65,125,60,95,60,105
0621,Druddigon,Dragon,485,77,120,90,60,90,48
0622,Golett,Ground,303,59,74,50,35,50,35
0623,Golurk,Ground,483,89,124,80,55,80,55
0624,Pawniard,Dark,340,45,85,70,40,40,60
0625,Bisharp,Dark,490,65,125,100,60,70,70
0626,Bouffalant,Normal,490,95,110,95,40,95,55
0627,Rufflet,Normal,350,70,83,50,37,50,60
0628,Braviary,Normal,510,100,123,75,57,75,80
0628,Braviary Hisuian Braviary,Psychic,510,110,83,70,112,70,65
0629,Vullaby,Dark,370,70,55,75,45,65,60
0630,Mandibuzz,Dark,510,110,65,105,55,95,80
0631,Heatmor,Fire,484,85,97,66,105,66,65
0632,Durant,Bug,484,58,109,112,48,48,109
0633,Deino,Dark,300,52,65,50,45,50,38
0634,Zweilous,Dark,420,72,85,70,65,70,58
0635,Hydreigon,Dark,600,92,105,90,125,90,98
0636,Larvesta,Bug,360,55,85,55,50,55,60
0637,Volcarona,Bug,550,85,60,65,135,105,100
0638,Cobalion,Steel,580,91,90,129,90,72,108
0639,Terrakion,Rock,580,91,129,90,72,90,108
0640,Virizion,Grass,580,91,90,72,90,129,108
0641,Tornadus Incarnate Forme,Flying,580,79,115,70,125,80,111
0641,Tornadus Therian Forme,Flying,580,79,100,80,110,90,121
0642,Thundurus Incarnate Forme,Electric,580,79,115,70,125,80,111
0642,Thundurus Therian Forme,Electric,580,79,105,70,145,80,101
0643,Reshiram,Dragon,680,100,120,100,150,120,90
0644,Zekrom,Dragon,680,100,150,120,120,100,90
0645,Landorus Incarnate Forme,Ground,600,89,125,90,115,80,101
0645,Landorus Therian Forme,Ground,600,89,145,90,105,80,91
0646,Kyurem,Dragon,660,125,130,90,130,90,95
0646,Kyurem White Kyurem,Dragon,700,125,120,90,170,100,95
0646,Kyurem Black Kyurem,Dragon,700,125,170,100,120,90,95
0647,Keldeo Ordinary Form,Water,580,91,72,90,129,90,108
0647,Keldeo Resolute Form,Water,580,91,72,90,129,90,108
0648,Meloetta Aria Forme,Normal,600,100,77,77,128,128,90
0648,Meloetta Pirouette Forme,Normal,600,100,128,90,77,77,128
0649,Genesect,Bug,600,71,120,95,120,95,99
0650,Chespin,Grass,313,56,61,65,48,45,38
0651,Quilladin,Grass,405,61,78,95,56,58,57
0652,Chesnaught,Grass,530,88,107,122,74,75,64
0653,Fennekin,Fire,307,40,45,40,62,60,60
0654,Braixen,Fire,409,59,59,58,90,70,73
0655,Delphox,Fire,534,75,69,72,114,100,104
0656,Froakie,Water,314,41,56,40,62,44,71
0657,Frogadier,Water,405,54,63,52,83,56,97
0658,Greninja,Water,530,72,95,67,103,71,122
0658,Greninja Ash-Greninja,Water,640,72,145,67,153,71,132
0659,Bunnelby,Normal,237,38,36,38,32,36,57
0660,Diggersby,Normal,423,85,56,77,50,77,78
0661,Fletchling,Normal,278,45,50,43,40,38,62
0662,Fletchinder,Fire,382,62,73,55,56,52,84
0663,Talonflame,Fire,499,78,81,71,74,69,126
0664,Scatterbug,Bug,200,38,35,40,27,25,35
0665,Spewpa,Bug,213,45,22,60,27,30,29
0666,Vivillon,Bug,411,80,52,50,90,50,89
0667,Litleo,Fire,369,62,50,58,73,54,72
0668,Pyroar,Fire,507,86,68,72,109,66,106
0669,Flabébé,Fairy,303,44,38,39,61,79,42
0670,Floette,Fairy,371,54,45,47,75,98,52
0671,Florges,Fairy,552,78,65,68,112,154,75
0672,Skiddo,Grass,350,66,65,48,62,57,52
0673,Gogoat,Grass,531,123,100,62,97,81,68
0674,Pancham,Fighting,348,67,82,62,46,48,43
0675,Pangoro,Fighting,495,95,124,78,69,71,58
0676,Furfrou,Normal,472,75,80,60,65,90,102
0677,Espurr,Psychic,355,62,48,54,63,60,68
0678,Meowstic Male,Psychic,466,74,48,76,83,81,104
0678,Meowstic Female,Psychic,466,74,48,76,83,81,104
0679,Honedge,Steel,325,45,80,100,35,37,28
0680,Doublade,Steel,448,59,110,150,45,49,35
0681,Aegislash Shield Forme,Steel,500,60,50,140,50,140,60
0681,Aegislash Blade Forme,Steel,500,60,140,50,140,50,60
0682,Spritzee,Fairy,341,78,52,60,63,65,23
0683,Aromatisse,Fairy,462,101,72,72,99,89,29
0684,Swirlix,Fairy,341,62,48,66,59,57,49
0685,Slurpuff,Fairy,480,82,80,86,85,75,72
0686,Inkay,Dark,288,53,54,53,37,46,45
0687,Malamar,Dark,482,86,92,88,68,75,73
0688,Binacle,Rock,306,42,52,67,39,56,50
0689,Barbaracle,Rock,500,72,105,115,54,86,68
0690,Skrelp,Poison,320,50,60,60,60,60,30
0691,Dragalge,Poison,494,65,75,90,97,123,44
0692,Clauncher,Water,330,50,53,62,58,63,44
0693,Clawitzer,Water,500,71,73,88,120,89,59
0694,Helioptile,Electric,289,44,38,33,61,43,70
0695,Heliolisk,Electric,481,62,55,52,109,94,109
0696,Tyrunt,Rock,362,58,89,77,45,45,48
0697,Tyrantrum,Rock,521,82,121,119,69,59,71
0698,Amaura,Rock,362,77,59,50,67,63,46
0699,Aurorus,Rock,521,123,77,72,99,92,58
0700,Sylveon,Fairy,525,95,65,65,110,130,60
0701,Hawlucha,Fighting,500,78,92,75,74,63,118
0702,Dedenne,Electric,431,67,58,57,81,67,101
0703,Carbink,Rock,500,50,50,150,50,150,50
0704,Goomy,Dragon,300,45,50,35,55,75,40
0705,Sliggoo,Dragon,452,68,75,53,83,113,60
0705,Sliggoo Hisuian Sliggoo,Steel,452,58,75,83,83,113,40
0706,Goodra,Dragon,600,90,100,70,110,150,80
0706,Goodra Hisuian Goodra,Steel,600,80,100,100,110,150,60
0707,Klefki,Steel,470,57,80,91,80,87,75
0708,Phantump,Ghost,309,43,70,48,50,60,38
0709,Trevenant,Ghost,474,85,110,76,65,82,56
0710,Pumpkaboo Average Size,Ghost,335,49,66,70,44,55,51
0710,Pumpkaboo Small Size,Ghost,335,44,66,70,44,55,56
0710,Pumpkaboo Large Size,Ghost,335,54,66,70,44,55,46
0710,Pumpkaboo Super Size,Ghost,335,59,66,70,44,55,41
0711,Gourgeist Average Size,Ghost,494,65,90,122,58,75,84
0711,Gourgeist Small Size,Ghost,494,55,85,122,58,75,99
0711,Gourgeist Large Size,Ghost,494,75,95,122,58,75,69
0711,Gourgeist Super Size,Ghost,494,85,100,122,58,75,54
0712,Bergmite,Ice,304,55,69,85,32,35,28
0713,Avalugg,Ice,514,95,117,184,44,46,28
0713,Avalugg Hisuian Avalugg,Ice,514,95,127,184,34,36,38
0714,Noibat,Flying,245,40,30,35,45,40,55
0715,Noivern,Flying,535,85,70,80,97,80,123
0716,Xerneas,Fairy,680,126,131,95,131,98,99
0717,Yveltal,Dark,680,126,131,95,131,98,99
0718,Zygarde 50% Forme,Dragon,600,108,100,121,81,95,95
0718,Zygarde 10% Forme,Dragon,486,54,100,71,61,85,115
0718,Zygarde Complete Forme,Dragon,708,216,100,121,91,95,85
0719,Diancie,Rock,600,50,100,150,100,150,50
0719,Diancie Mega Diancie,Rock,700,50,160,110,160,110,110
0720,Hoopa Hoopa Confined,Psychic,600,80,110,60,150,130,70
0720,Hoopa Hoopa Unbound,Psychic,680,80,160,60,170,130,80
0721,Volcanion,Fire,600,80,110,120,130,90,70
0722,Rowlet,Grass,320,68,55,55,50,50,42
0723,Dartrix,Grass,420,78,75,75,70,70,52
0724,Decidueye,Grass,530,78,107,75,100,100,70
0724,Decidueye Hisuian Decidueye,Grass,530,88,112,80,95,95,60
0725,Litten,Fire,320,45,65,40,60,40,70
0726,Torracat,Fire,420,65,85,50,80,50,90
0727,Incineroar,Fire,530,95,115,90,80,90,60
0728,Popplio,Water,320,50,54,54,66,56,40
0729,Brionne,Water,420,60,69,69,91,81,50
0730,Primarina,Water,530,80,74,74,126,116,60
0731,Pikipek,Normal,265,35,75,30,30,30,65
0732,Trumbeak,Normal,355,55,85,50,40,50,75
0733,Toucannon,Normal,485,80,120,75,75,75,60
0734,Yungoos,Normal,253,48,70,30,30,30,45
0735,Gumshoos,Normal,418,88,110,60,55,60,45
0736,Grubbin,Bug,300,47,62,45,55,45,46
0737,Charjabug,Bug,400,57,82,95,55,75,36
0738,Vikavolt,Bug,500,77,70,90,145,75,43
0739,Crabrawler,Fighting,338,47,82,57,42,47,63
0740,Crabominable,Fighting,478,97,132,77,62,67,43
0741,Oricorio Baile Style,Fire,476,75,70,70,98,70,93
0741,Oricorio Pom-Pom Style,Electric,476,75,70,70,98,70,93
0741,Oricorio Pa'u Style,Psychic,476,75,70,70,98,70,93
0741,Oricorio Sensu Style,Ghost,476,75,70,70,98,70,93
0742,Cutiefly,Bug,304,40,45,40,55,40,84
0743,Ribombee,Bug,464,60,55,60,95,70,124
0744,Rockruff,Rock,280,45,65,40,30,40,60
0744,Rockruff Own Tempo Rockruff,Rock,280,45,65,40,30,40,60
0745,Lycanroc Midday Form,Rock,487,75,115,65,55,65,112
0745,Lycanroc Midnight Form,Rock,487,85,115,75,55,75,82
0745,Lycanroc Dusk Form,Rock,487,75,117,65,55,65,110
0746,Wishiwashi Solo Form,Water,175,45,20,20,25,25,40
0746,Wishiwashi School Form,Water,620,45,140,130,140,135,30
0747,Mareanie,Poison,305,50,53,62,43,52,45
0748,Toxapex,Poison,495,50,63,152,53,142,35
0749,Mudbray,Ground,385,70,100,70,45,55,45
0750,Mudsdale,Ground,500,100,125,100,55,85,35
0751,Dewpider,Water,269,38,40,52,40,72,27
0752,Araquanid,Water,454,68,70,92,50,132,42
0753,Fomantis,Grass,250,40,55,35,50,35,35
0754,Lurantis,Grass,480,70,105,90,80,90,45
0755,Morelull,Grass,285,40,35,55,65,75,15
0756,Shiinotic,Grass,405,60,45,80,90,100,30
0757,Salandit,Poison,320,48,44,40,71,40,77
0758,Salazzle,Poison,480,68,64,60,111,60,117
0759,Stufful,Normal,340,70,75,50,45,50,50
0760,Bewear,Normal,500,120,125,80,55,60,60
0761,Bounsweet,Grass,210,42,30,38,30,38,32
0762,Steenee,Grass,290,52,40,48,40,48,62
0763,Tsareena,Grass,510,72,120,98,50,98,72
0764,Comfey,Fairy,485,51,52,90,82,110,100
0765,Oranguru,Normal,490,90,60,80,90,110,60
0766,Passimian,Fighting,490,100,120,90,40,60,80
0767,Wimpod,Bug,230,25,35,40,20,30,80
0768,Golisopod,Bug,530,75,125,140,60,90,40
0769,Sandygast,Ghost,320,55,55,80,70,45,15
0770,Palossand,Ghost,480,85,75,110,100,75,35
0771,Pyukumuku,Water,410,55,60,130,30,130,5
0772,Type: Null,Normal,534,95,95,95,95,95,59
0773,Silvally,Normal,570,95,95,95,95,95,95
0774,Minior Meteor Form,Rock,440,60,60,100,60,100,60
0774,Minior Core Form,Rock,500,60,100,60,100,60,120
0775,Komala,Normal,480,65,115,65,75,95,65
0776,Turtonator,Fire,485,60,78,135,91,85,36
0777,Togedemaru,Electric,435,65,98,63,40,73,96
0778,Mimikyu,Ghost,476,55,90,80,50,105,96
0779,Bruxish,Water,475,68,105,70,70,70,92
0780,Drampa,Normal,485,78,60,85,135,91,36
0781,Dhelmise,Ghost,517,70,131,100,86,90,40
0782,Jangmo-o,Dragon,300,45,55,65,45,45,45
0783,Hakamo-o,Dragon,420,55,75,90,65,70,65
0784,Kommo-o,Dragon,600,75,110,125,100,105,85
0785,Tapu Koko,Electric,570,70,115,85,95,75,130
0786,Tapu Lele,Psychic,570,70,85,75,130,115,95
0787,Tapu Bulu,Grass,570,70,130,115,85,95,75
0788,Tapu Fini,Water,570,70,75,115,95,130,85
0789,Cosmog,Psychic,200,43,29,31,29,31,37
0790,Cosmoem,Psychic,400,43,29,131,29,131,37
0791,Solgaleo,Psychic,680,137,137,107,113,89,97
0792,Lunala,Psychic,680,137,113,89,137,107,97
0793,Nihilego,Rock,570,109,53,47,127,131,103
0794,Buzzwole,Bug,570,107,139,139,53,53,79
0795,Pheromosa,Bug,570,71,137,37,137,37,151
0796,Xurkitree,Electric,570,83,89,71,173,71,83
0797,Celesteela,Steel,570,97,101,103,107,101,61
0798,Kartana,Grass,570,59,181,131,59,31,109
0799,Guzzlord,Dark,570,223,101,53,97,53,43
0800,Necrozma,Psychic,600,97,107,101,127,89,79
0800,Necrozma Dusk Mane Necrozma,Psychic,680,97,157,127,113,109,77
0800,Necrozma Dawn Wings Necrozma,Psychic,680,97,113,109,157,127,77
0800,Necrozma Ultra Necrozma,Psychic,754,97,167,97,167,97,129
0801,Magearna,Steel,600,80,95,115,130,115,65
0802,Marshadow,Fighting,600,90,125,80,90,90,125
0803,Poipole,Poison,420,67,73,67,73,67,73
0804,Naganadel,Poison,540,73,73,73,127,73,121
0805,Stakataka,Rock,570,61,131,211,53,101,13
0806,Blacephalon,Fire,570,53,127,53,151,79,107
0807,Zeraora,Electric,600,88,112,75,102,80,143
0808,Meltan,Steel,300,46,65,65,55,35,34
0809,Melmetal,Steel,600,135,143,143,80,65,34
0810,Grookey,Grass,310,50,65,50,40,40,65
0811,Thwackey,Grass,420,70,85,70,55,60,80
0812,Rillaboom,Grass,530,100,125,90,60,70,85
0813,Scorbunny,Fire,310,50,71,40,40,40,69
0814,Raboot,Fire,420,65,86,60,55,60,94
0815,Cinderace,Fire,530,80,116,75,65,75,119
0816,Sobble,Water,310,50,40,40,70,40,70
0817,Drizzile,Water,420,65,60,55,95,55,90
0818,Inteleon,Water,530,70,85,65,125,65,120
0819,Skwovet,Normal,275,70,55,55,35,35,25
0820,Greedent,Normal,460,120,95,95,55,75,20
0821,Rookidee,Flying,245,38,47,35,33,35,57
0822,Corvisquire,Flying,365,68,67,55,43,55,77
0823,Corviknight,Flying,495,98,87,105,53,85,67
0824,Blipbug,Bug,180,25,20,20,25,45,45
0825,Dottler,Bug,335,50,35,80,50,90,30
0826,Orbeetle,Bug,505,60,45,110,80,120,90
0827,Nickit,Dark,245,40,28,28,47,52,50
0828,Thievul,Dark,455,70,58,58,87,92,90
0829,Gossifleur,Grass,250,40,40,60,40,60,10
0830,Eldegoss,Grass,460,60,50,90,80,120,60
0831,Wooloo,Normal,270,42,40,55,40,45,48
0832,Dubwool,Normal,490,72,80,100,60,90,88
0833,Chewtle,Water,284,50,64,50,38,38,44
0834,Drednaw,Water,485,90,115,90,48,68,74
0835,Yamper,Electric,270,59,45,50,40,50,26
0836,Boltund,Electric,490,69,90,60,90,60,121
0837,Rolycoly,Rock,240,30,40,50,40,50,30
0838,Carkol,Rock,410,80,60,90,60,70,50
0839,Coalossal,Rock,510,110,80,120,80,90,30
0840,Applin,Grass,260,40,40,80,40,40,20
0841,Flapple,Grass,485,70,110,80,95,60,70
0842,Appletun,Grass,485,110,85,80,100,80,30
0843,Silicobra,Ground,315,52,57,75,35,50,46
0844,Sandaconda,Ground,510,72,107,125,65,70,71
0845,Cramorant,Flying,475,70,85,55,85,95,85
0846,Arrokuda,Water,280,41,63,40,40,30,66
0847,Barraskewda,Water,490,61,123,60,60,50,136
0848,Toxel,Electric,242,40,38,35,54,35,40
0849,Toxtricity Amped Form,Electric,502,75,98,70,114,70,75
0849,Toxtricity Low Key Form,Electric,502,75,98,70,114,70,75
0850,Sizzlipede,Fire,305,50,65,45,50,50,45
0851,Centiskorch,Fire,525,100,115,65,90,90,65
0852,Clobbopus,Fighting,310,50,68,60,50,50,32
0853,Grapploct,Fighting,480,80,118,90,70,80,42
0854,Sinistea,Ghost,308,40,45,45,74,54,50
0855,Polteageist,Ghost,508,60,65,65,134,114,70
0856,Hatenna,Psychic,265,42,30,45,56,53,39
0857,Hattrem,Psychic,370,57,40,65,86,73,49
0858,Hatterene,Psychic,510,57,90,95,136,103,29
0859,Impidimp,Dark,265,45,45,30,55,40,50
0860,Morgrem,Dark,370,65,60,45,75,55,70
0861,Grimmsnarl,Dark,510,95,120,65,95,75,60
0862,Obstagoon,Dark,520,93,90,101,60,81,95
0863,Perrserker,Steel,440,70,110,100,50,60,50
0864,Cursola,Ghost,510,60,95,50,145,130,30
0865,Sirfetch'd,Fighting,507,62,135,95,68,82,65
0866,Mr. Rime,Ice,520,80,85,75,110,100,70
0867,Runerigus,Ground,483,58,95,145,50,105,30
0868,Milcery,Fairy,270,45,40,40,50,61,34
0869,Alcremie,Fairy,495,65,60,75,110,121,64
0870,Falinks,Fighting,470,65,100,100,70,60,75
0871,Pincurchin,Electric,435,48,101,95,91,85,15
0872,Snom,Ice,185,30,25,35,45,30,20
0873,Frosmoth,Ice,475,70,65,60,125,90,65
0874,Stonjourner,Rock,470,100,125,135,20,20,70
0875,Eiscue Ice Face,Ice,470,75,80,110,65,90,50
0875,Eiscue Noice Face,Ice,470,75,80,70,65,50,130
0876,Indeedee Male,Psychic,475,60,65,55,105,95,95
0876,Indeedee Female,Psychic,475,70,55,65,95,105,85
0877,Morpeko Full Belly Mode,Electric,436,58,95,58,70,58,97
0877,Morpeko Hangry Mode,Electric,436,58,95,58,70,58,97
0878,Cufant,Steel,330,72,80,49,40,49,40
0879,Copperajah,Steel,500,122,130,69,80,69,30
0880,Dracozolt,Electric,505,90,100,90,80,70,75
0881,Arctozolt,Electric,505,90,100,90,90,80,55
0882,Dracovish,Water,505,90,90,100,70,80,75
0883,Arctovish,Water,505,90,90,100,80,90,55
0884,Duraludon,Steel,535,70,95,115,120,50,85
0885,Dreepy,Dragon,270,28,60,30,40,30,82
0886,Drakloak,Dragon,410,68,80,50,60,50,102
0887,Dragapult,Dragon,600,88,120,75,100,75,142
0888,Zacian Hero of Many Battles,Fairy,660,92,120,115,80,115,138
0888,Zacian Crowned Sword,Fairy,700,92,150,115,80,115,148
0889,Zamazenta Hero of Many Battles,Fighting,660,92,120,115,80,115,138
0889,Zamazenta Crowned Shield,Fighting,700,92,120,140,80,140,128
0890,Eternatus,Poison,690,140,85,95,145,95,130
0890,Eternatus Eternamax,Poison,1125,255,115,250,125,250,130
0891,Kubfu,Fighting,385,60,90,60,53,50,72
0892,Urshifu Single Strike Style,Fighting,550,100,130,100,63,60,97
0892,Urshifu Rapid Strike Style,Fighting,550,100,130,100,63,60,97
0893,Zarude,Dark,600,105,120,105,70,95,105
0894,Regieleki,Electric,580,80,100,50,100,50,200
0895,Regidrago,Dragon,580,200,100,50,100,50,80
0896,Glastrier,Ice,580,100,145,130,65,110,30
0897,Spectrier,Ghost,580,100,65,60,145,80,130
0898,Calyrex,Psychic,500,100,80,80,80,80,80
0898,Calyrex Ice Rider,Psychic,680,100,165,150,85,130,50
0898,Calyrex Shadow Rider,Psychic,680,100,85,80,165,100,150
0899,Wyrdeer,Normal,525,103,105,72,105,75,65
0900,Kleavor,Bug,500,70,135,95,45,70,85
0901,Ursaluna,Ground,550,130,140,105,45,80,50
0901,Ursaluna Bloodmoon,Ground,555,113,70,120,135,65,52
0902,Basculegion Male,Water,530,120,112,65,80,75,78
0902,Basculegion Female,Water,530,120,92,65,100,75,78
0903,Sneasler,Fighting,510,80,130,60,40,80,120
0904,Overqwil,Dark,510,85,115,95,65,65,85
0905,Enamorus Incarnate Forme,Fairy,580,74,115,70,135,80,106
0905,Enamorus Therian Forme,Fairy,580,74,115,110,135,100,46
0906,Sprigatito,Grass,310,40,61,54,45,45,65
0907,Floragato,Grass,410,61,80,63,60,63,83
0908,Meowscarada,Grass,530,76,110,70,81,70,123
0909,Fuecoco,Fire,310,67,45,59,63,40,36
0910,Crocalor,Fire,411,81,55,78,90,58,49
0911,Skeledirge,Fire,530,104,75,100,110,75,66
0912,Quaxly,Water,310,55,65,45,50,45,50
0913,Quaxwell,Water,410,70,85,65,65,60,65
0914,Quaquaval,Water,530,85,120,80,85,75,85
0915,Lechonk,Normal,254,54,45,40,35,45,35
0916,Oinkologne Male,Normal,489,110,100,75,59,80,65
0916,Oinkologne Female,Normal,489,115,90,70,59,90,65
0917,Tarountula,Bug,210,35,41,45,29,40,20
0918,Spidops,Bug,404,60,79,92,52,86,35
0919,Nymble,Bug,210,33,46,40,21,25,45
0920,Lokix,Bug,450,71,102,78,52,55,92
0921,Pawmi,Electric,240,45,50,20,40,25,60
0922,Pawmo,Electric,350,60,75,40,50,40,85
0923,Pawmot,Electric,490,70,115,70,70,60,105
0924,Tandemaus,Normal,305,50,50,45,40,45,75
0925,Maushold Family of Four,Normal,470,74,75,70,65,75,111
0925,Maushold Family of Three,Normal,470,74,75,70,65,75,111
0926,Fidough,Fairy,312,37,55,70,30,55,65
0927,Dachsbun,Fairy,477,57,80,115,50,80,95
0928,Smoliv,Grass,260,41,35,45,58,51,30
0929,Dolliv,Grass,354,52,53,60,78,78,33
0930,Arboliva,Grass,510,78,69,90,125,109,39
0931,Squawkabilly Green Plumage,Normal,417,82,96,51,45,51,92
0931,Squawkabilly Blue Plumage,Normal,417,82,96,51,45,51,92
0931,Squawkabilly Yellow Plumage,Normal,417,82,96,51,45,51,92
0931,Squawkabilly White Plumage,Normal,417,82,96,51,45,51,92
0932,Nacli,Rock,280,55,55,75,35,35,25
0933,Naclstack,Rock,355,60,60,100,35,65,35
0934,Garganacl,Rock,500,100,100,130,45,90,35
0935,Charcadet,Fire,255,40,50,40,50,40,35
0936,Armarouge,Fire,525,85,60,100,125,80,75
0937,Ceruledge,Fire,525,75,125,80,60,100,85
0938,Tadbulb,Electric,272,61,31,41,59,35,45
0939,Bellibolt,Electric,495,109,64,91,103,83,45
0940,Wattrel,Electric,280,40,40,35,55,40,70
0941,Kilowattrel,Electric,490,70,70,60,105,60,125
0942,Maschiff,Dark,340,60,78,60,40,51,51
0943,Mabosstiff,Dark,505,80,120,90,60,70,85
0944,Shroodle,Poison,290,40,65,35,40,35,75
0945,Grafaiai,Poison,485,63,95,65,80,72,110
0946,Bramblin,Grass,275,40,65,30,45,35,60
0947,Brambleghast,Grass,480,55,115,70,80,70,90
0948,Toedscool,Ground,335,40,40,35,50,100,70
0949,Toedscruel,Ground,515,80,70,65,80,120,100
0950,Klawf,Rock,450,70,100,115,35,55,75
0951,Capsakid,Grass,304,50,62,40,62,40,50
0952,Scovillain,Grass,486,65,108,65,108,65,75
0953,Rellor,Bug,270,41,50,60,31,58,30
0954,Rabsca,Bug,470,75,50,85,115,100,45
0955,Flittle,Psychic,255,30,35,30,55,30,75
0956,Espathra,Psychic,481,95,60,60,101,60,105
0957,Tinkatink,Fairy,297,50,45,45,35,64,58
0958,Tinkatuff,Fairy,380,65,55,55,45,82,78
0959,Tinkaton,Fairy,506,85,75,77,70,105,94
0960,Wiglett,Water,245,10,55,25,35,25,95
0961,Wugtrio,Water,425,35,100,50,50,70,120
0962,Bombirdier,Flying,485,70,103,85,60,85,82
0963,Finizen,Water,315,70,45,40,45,40,75
0964,Palafin Zero Form,Water,457,100,70,72,53,62,100
0964,Palafin Hero Form,Water,650,100,160,97,106,87,100
0965,Varoom,Steel,300,45,70,63,30,45,47
0966,Revavroom,Steel,500,80,119,90,54,67,90
0967,Cyclizar,Dragon,501,70,95,65,85,65,121
0968,Orthworm,Steel,480,70,85,145,60,55,65
0969,Glimmet,Rock,350,48,35,42,105,60,60
0970,Glimmora,Rock,525,83,55,90,130,81,86
0971,Greavard,Ghost,290,50,61,60,30,55,34
0972,Houndstone,Ghost,488,72,101,100,50,97,68
0973,Flamigo,Flying,500,82,115,74,75,64,90
0974,Cetoddle,Ice,334,108,68,45,30,40,43
0975,Cetitan,Ice,521,170,113,65,45,55,73
0976,Veluza,Water,478,90,102,73,78,65,70
0977,Dondozo,Water,530,150,100,115,65,65,35
0978,Tatsugiri Curly Form,Dragon,475,68,50,60,120,95,82
0978,Tatsugiri Droopy Form,Dragon,475,68,50,60,120,95,82
0978,Tatsugiri Stretchy Form,Dragon,475,68,50,60,120,95,82
0979,Annihilape,Fighting,535,110,115,80,50,90,90
0980,Clodsire,Poison,430,130,75,60,45,100,20
0981,Farigiraf,Normal,520,120,90,70,110,70,60
0982,Dudunsparce Two-Segment Form,Normal,520,125,100,80,85,75,55
0982,Dudunsparce Three-Segment Form,Normal,520,125,100,80,85,75,55
0983,Kingambit,Dark,550,100,135,120,60,85,50
0984,Great Tusk,Ground,570,115,131,131,53,53,87
0985,Scream Tail,Fairy,570,115,65,99,65,115,111
0986,Brute Bonnet,Grass,570,111,127,99,79,99,55
0987,Flutter Mane,Ghost,570,55,55,55,135,135,135
0988,Slither Wing,Bug,570,85,135,79,85,105,81
0989,Sandy Shocks,Electric,570,85,81,97,121,85,101
0990,Iron Treads,Ground,570,90,112,120,72,70,106
0991,Iron Bundle,Ice,570,56,80,114,124,60,136
0992,Iron Hands,Fighting,570,154,140,108,50,68,50
0993,Iron Jugulis,Dark,570,94,80,86,122,80,108
0994,Iron Moth,Fire,570,80,70,60,140,110,110
0995,Iron Thorns,Rock,570,100,134,110,70,84,72
0996,Frigibax,Dragon,320,65,75,45,35,45,55
0997,Arctibax,Dragon,423,90,95,66,45,65,62
0998,Baxcalibur,Dragon,600,115,145,92,75,86,87
0999,Gimmighoul Chest Form,Ghost,300,45,30,70,75,70,10
0999,Gimmighoul Roaming Form,Ghost,300,45,30,25,75,45,80
1000,Gholdengo,Steel,550,87,60,95,133,91,84
1001,Wo-Chien,Dark,570,85,85,100,95,135,70
1002,Chien-Pao,Dark,570,80,120,80,90,65,135
1003,Ting-Lu,Dark,570,155,110,125,55,80,45
1004,Chi-Yu,Dark,570,55,80,80,135,120,100
1005,Roaring Moon,Dragon,590,105,139,71,55,101,119
1006,Iron Valiant,Fairy,590,74,130,90,120,60,116
1007,Koraidon,Fighting,670,100,135,115,85,100,135
1008,Miraidon,Electric,670,100,85,100,135,115,135
1009,Walking Wake,Water,590,99,83,91,125,83,109
1010,Iron Leaves,Grass,590,90,130,88,70,108,104
1011,Dipplin,Grass,485,80,80,110,95,80,40
1012,Poltchageist,Grass,308,40,45,45,74,54,50
1013,Sinistcha,Grass,508,71,60,106,121,80,70
1014,Okidogi,Poison,555,88,128,115,58,86,80
1015,Munkidori,Poison,555,88,75,66,130,90,106
1016,Fezandipiti,Poison,555,88,91,82,70,125,99
1017,Ogerpon Teal Mask,Grass,550,80,120,84,60,96,110
1017,Ogerpon Wellspring Mask,Grass,550,80,120,84,60,96,110
1017,Ogerpon Hearthflame Mask,Grass,550,80,120,84,60,96,110
1017,Ogerpon Cornerstone Mask,Grass,550,80,120,84,60,96,110
1018,Archaludon,Steel,600,90,105,130,125,65,85
1019,Hydrapple,Grass,540,106,80,110,120,80,44
1020,Gouging Fire,Fire,590,105,115,121,65,93,91
1021,Raging Bolt,Electric,590,125,73,91,137,89,75
1022,Iron Boulder,Rock,590,90,120,80,68,108,124
1023,Iron Crown,Steel,590,90,72,100,122,108,98
1024,Terapagos Normal Form,Normal,450,90,65,85,65,85,60
1024,Terapagos Terastal Form,Normal,600,95,95,110,105,110,85
1024,Terapagos Stellar Form,Normal,700,160,105,110,130,110,85
1025,Pecharunt,Poison,600,88,88,160,88,88,88
